標題,檔名,來源網址
"民國102年度 > 民國102年度中央政府總決算及特別決算審核報告摘要 > 民國102年度中央政府總決算及特別決算審核報告摘要.pdf",34ef414dd0ed463f296af57ce2e5010b.pdf,http://www.audit.gov.tw/ezfiles/0/1000/attach/70/pta_1829_4604808_57496.pdf
"民國102年度 > 中華民國102年度中央政府總決算審核報告（含附屬單位決算及綜計表） > 102年度中央政府總決算審核報告（含附屬單位決算及綜計表）.pdf",e5cae22fedbd457989e8bc7e0a16b5f9.pdf,http://www.audit.gov.tw/ezfiles/0/1000/attach/57/pta_1651_3840060_14409.pdf
"民國102年度 > 中華民國102年度中央政府總決算審核報告（附冊-總決算部分） > 附冊(總決算部分).pdf",2426094f810e9b78ca85a8ecef36726d.pdf,http://www.audit.gov.tw/ezfiles/0/1000/attach/56/pta_1649_8386186_13638.pdf
"民國102年度 > 中華民國102年度中央政府總決算審核報告（附冊-非營業部分） > 附冊(非營業部分).pdf",2e6d3ce8bfc3908d17b74ab5aa8b11dd.pdf,http://www.audit.gov.tw/ezfiles/0/1000/attach/55/pta_1648_1677379_13559.pdf
"民國102年度 > 中華民國102年度中央政府總決算審核報告（附冊-營業部分） > 附冊(營業部分).pdf",5183190f6da89990fa087c6e62484714.pdf,http://www.audit.gov.tw/ezfiles/0/1000/attach/54/pta_1647_5823034_13336.pdf
"民國102年度 > 中央政府易淹水地區水患治理計畫第3期特別決算審核報告 > 中央政府易淹水地區水患治理計畫第3期特別決算審核報告.pdf",e64fd0a52a441e41f3cacca466d6a43f.pdf,http://www.audit.gov.tw/ezfiles/0/1000/attach/53/pta_1646_5054073_13271.pdf
"民國102年度 > 中華民國102年度臺北市地方總決算審核報告（含附屬單位決算及綜計表） > 中華民國102年度臺北市地方總決算審核報告.pdf",37ba817b2a29f0050104147f770b6b0d.pdf,http://www.audit.gov.tw/ezfiles/0/1000/attach/52/pta_1710_4177789_19606.pdf
"民國102年度 > 中華民國102年度新北市地方總決算審核報告（含附屬單位決算及綜計表） > 中華民國102年度新北市地方總決算審核報告（含附屬單位決算及綜計表）.pdf",ff20fec6c2f0e3aa65d94f044411e279.pdf,http://www.audit.gov.tw/ezfiles/0/1000/attach/51/pta_1644_2379969_13148.pdf
"民國102年度 > 中華民國102年度臺中市地方總決算審核報告（含附屬單位決算及綜計表） > 中華民國102年度臺中市地方總決算審核報告（含附屬單位決算及綜計表）.pdf",f1eee7e0257b4ff54d2a526fc2667f2b.pdf,http://www.audit.gov.tw/ezfiles/0/1000/attach/49/pta_1655_3181858_09863.pdf
"民國102年度 > 中華民國92年度至102年度大都會歌劇院特別決算審核報告 > 中華民國92年度至102年度大都會歌劇院特別決算審核報告.pdf",6ea4ddadb57f3c15eddb36fbfb5e4a5b.pdf,http://www.audit.gov.tw/ezfiles/0/1000/attach/50/pta_1656_9667678_09894.pdf
"民國102年度 > 中華民國102年度臺南市地方總決算審核報告（含附屬單位決算及綜計表） > 中華民國102年度臺南市地方總決算審核報告（含附屬單位決算及綜計表）.pdf",c4a2a8562a9254b5231554a6c0e7b492.pdf,http://www.audit.gov.tw/ezfiles/0/1000/attach/48/pta_1641_2363017_12920.pdf
"民國102年度 > 中華民國102年度高雄市地方總決算審核報告（含附屬單位決算及綜計表） > 中華民國102年度高雄市地方總決算審核報告（含附屬單位決算及綜計表）.pdf",9a2ab96107db760c07933e8e0dd3ea9d.pdf,http://www.audit.gov.tw/ezfiles/0/1000/attach/47/pta_1706_1061842_67491.pdf
"民國102年度 > 中華民國102年度各縣市總決算審核報告 > 102年度基隆市總決算審核報告.pdf",5c120eec22be39900fb4f57293c59fb5.pdf,http://www.audit.gov.tw/ezfiles/0/1000/attach/46/pta_1672_8212646_93582.pdf
"民國102年度 > 中華民國102年度各縣市總決算審核報告 > 102年度宜蘭縣總決算審核報告.pdf",31222127a0c53c4475405047e8e97aec.pdf,http://www.audit.gov.tw/ezfiles/0/1000/attach/46/pta_1707_2380463_47397.pdf
"民國102年度 > 中華民國102年度各縣市總決算審核報告 > 102年度桃園縣總決算審核報告.pdf",ceb449d805da696f5f4a62f12f690dd9.pdf,http://www.audit.gov.tw/ezfiles/0/1000/attach/46/pta_1674_5526234_93582.pdf
"民國102年度 > 中華民國102年度各縣市總決算審核報告 > 102年度新竹縣總決算審核報告.pdf",10d00e814e0c1cca119c69d9f0cac429.pdf,http://www.audit.gov.tw/ezfiles/0/1000/attach/46/pta_1675_2343177_93582.pdf
"民國102年度 > 中華民國102年度各縣市總決算審核報告 > 102年度新竹市總決算審核報告.pdf",6bb1766ab33f8b316a30807be5939c86.pdf,http://www.audit.gov.tw/ezfiles/0/1000/attach/46/pta_1698_296606_94451.pdf
"民國102年度 > 中華民國102年度各縣市總決算審核報告 > 102年度苗栗縣總決算審核報告.pdf",2d4540f45679b7160d151f898f70a019.pdf,http://www.audit.gov.tw/ezfiles/0/1000/attach/46/pta_1709_1441411_08291.pdf
"民國102年度 > 中華民國102年度各縣市總決算審核報告 > 102年度彰化縣總決算審核報告.pdf",032d53de338c811f80a20903b8fc33a1.pdf,http://www.audit.gov.tw/ezfiles/0/1000/attach/46/pta_1678_2287110_93598.pdf
"民國102年度 > 中華民國102年度各縣市總決算審核報告 > 102年度南投縣總決算審核報告.pdf",cd50a622e460ae1eb068a4e8361e7ded.pdf,http://www.audit.gov.tw/ezfiles/0/1000/attach/46/pta_1679_9457437_93610.pdf
"民國102年度 > 中華民國102年度各縣市總決算審核報告 > 102年度雲林縣總決算審核報告.pdf",32118c15eccea0cb42bdd28a9fe0b3c9.pdf,http://www.audit.gov.tw/ezfiles/0/1000/attach/46/pta_1680_7301188_93614.pdf
"民國102年度 > 中華民國102年度各縣市總決算審核報告 > 102年度嘉義縣總決算審核報告.pdf",dcc5a4bc0ba74e4c3cbfb7fb7e770185.pdf,http://www.audit.gov.tw/ezfiles/0/1000/attach/46/pta_1681_8173636_93665.pdf
"民國102年度 > 中華民國102年度各縣市總決算審核報告 > 102年嘉義擴大縣治所在地第一期發展區開發計畫特別決算審核報告.pdf",000e5986e2f24b6b431abbdd89683b72.pdf,http://www.audit.gov.tw/ezfiles/0/1000/attach/46/pta_1690_4974580_93824.pdf
"民國102年度 > 中華民國102年度各縣市總決算審核報告 > 102年度嘉義市總決算審核報告.pdf",96d921b48b90c09ee15cbe3495473ab2.pdf,http://www.audit.gov.tw/ezfiles/0/1000/attach/46/pta_1717_7187173_71631.pdf
"民國102年度 > 中華民國102年度各縣市總決算審核報告 > 102年度屏東縣總決算審核報告.pdf",9128aee75b78bde8559226667f795dfb.pdf,http://www.audit.gov.tw/ezfiles/0/1000/attach/46/pta_1692_6727826_93824.pdf
"民國102年度 > 中華民國102年度各縣市總決算審核報告 > 102年度花蓮縣總決算審核報告.pdf",053f89896c72850e0aaeac540745a16e.pdf,http://www.audit.gov.tw/ezfiles/0/1000/attach/46/pta_1773_433412_46899.pdf
"民國102年度 > 中華民國102年度各縣市總決算審核報告 > 102年度臺東縣總決算審核報告.pdf",c748d926ad9f6ae7595aca1dce5581d6.pdf,http://www.audit.gov.tw/ezfiles/0/1000/attach/46/pta_1741_7195077_32690.pdf
"民國102年度 > 中華民國102年度各縣市總決算審核報告 > 102年度澎湖縣總決算審核報告.pdf",dab2e5dc4244f9ae8a6491c9be968ed0.pdf,http://www.audit.gov.tw/ezfiles/0/1000/attach/46/pta_1695_6219641_93883.pdf
"民國102年度 > 中華民國102年度各縣市總決算審核報告 > 102年度金門縣總決算審核報告.pdf",ed8ba1f182bd2eab2ba61cbf746289e1.pdf,http://www.audit.gov.tw/ezfiles/0/1000/attach/46/pta_1696_6166162_93883.pdf
"民國102年度 > 中華民國102年度各縣市總決算審核報告 > 102年度連江縣總決算審核報告.pdf",11dc99a28df1c0fcd40d92dc100a0de9.pdf,http://www.audit.gov.tw/ezfiles/0/1000/attach/46/pta_1697_8054556_93883.pdf
"民國101年度 > 民國101年度中央政府總決算及特別決算審核報告擇要 > 民國101年度中央政府總決算及特別決算審核報告擇要.pdf",7f7f0af2d8b61a52ed36d15220dff104.pdf,http://www.audit.gov.tw/ezfiles/0/1000/attach/75/pta_1313_6671168_33740.pdf
"民國101年度 > 中華民國101年度中央政府總決算審核報告（含附屬單位決算及綜計表） > 101年度中央政府總決算審核報告(含附屬單位決算及綜計表).pdf",31d8e2bf2da9738237e3741e43d8786b.pdf,http://www.audit.gov.tw/ezfiles/0/1000/attach/52/pta_1134_4276794_26152.pdf
"民國101年度 > 中華民國101年度中央政府總決算審核報告（附冊-總決算部分） > 101年度中央政府總決算審核報告(附冊-總決算部分).pdf",0305c692340f9673cf21d96c6e7c10e0.pdf,http://www.audit.gov.tw/ezfiles/0/1000/attach/51/pta_1133_8912419_26084.pdf
"民國101年度 > 中華民國101年度中央政府總決算審核報告（附冊-非營業部分） > 101年度中央政府總決算審核報告(附冊-非營業部分).pdf",1243cc93a61fcedd4e89092924c74d31.pdf,http://www.audit.gov.tw/ezfiles/0/1000/attach/49/pta_1131_5035760_25653.pdf
"民國101年度 > 中華民國101年度中央政府總決算審核報告（附冊-營業部分） > 101年度中央政府總決算審核報告（附冊-營業部分）.pdf",d4c7e0c917aa717e06efae29f2c3accb.pdf,http://www.audit.gov.tw/ezfiles/0/1000/attach/50/pta_1132_853559_25698.pdf
"民國101年度 > 中央政府莫拉克颱風災後重建特別決算審核報告 > 中央政府莫拉克颱風災後重建特別決算審核報告.pdf",9cafafb5354f8fcacff8934d75198a8f.pdf,http://www.audit.gov.tw/ezfiles/0/1000/attach/48/pta_1130_1240747_25557.pdf
"民國101年度 > 中華民國101年度臺北市地方總決算審核報告（含附屬單位決算及綜計表） > 101年度臺北市地方總決算審核報告.pdf",3c49cbee43d4f118bae4bc544f3ad296.pdf,http://www.audit.gov.tw/ezfiles/0/1000/attach/69/pta_1152_6130427_52298.pdf
"民國101年度 > 臺北都會區大眾捷運系統建設計畫後續路網南港線東延段特別決算審核報告 > 臺北都會區大眾捷運系統後續路網南港線東延段特別決算審核報告.pdf",7a2f3e0e964663432656615a662f001b.pdf,http://www.audit.gov.tw/ezfiles/0/1000/attach/68/pta_1151_5332925_52251.pdf
"民國101年度 > 中華民國101年度新北市地方總決算審核報告（含附屬單位決算及綜計表） > 101年度新北市地方總決算審核報告.pdf",d685a95f3e4ad8e128b7a0c33d7dfab3.pdf,http://www.audit.gov.tw/ezfiles/0/1000/attach/67/pta_1150_1736833_52125.pdf
"民國101年度 > 中華民國101年度臺中市地方總決算審核報告（含附屬單位決算及綜計表） > 101年度臺中市地方總決算審核報告.pdf",e66402008f6dd85969d7836c7e983828.pdf,http://www.audit.gov.tw/ezfiles/0/1000/attach/66/pta_1149_9428217_52087.pdf
"民國101年度 > 中華民國101年度臺南市地方總決算審核報告（含附屬單位決算及綜計表） > 101年度臺南市地方總決算審核報告.pdf",409108bc4d27045ea2b60c8fbae7d8d1.pdf,http://www.audit.gov.tw/ezfiles/0/1000/attach/65/pta_1148_4409725_52012.pdf
"民國101年度 > 中華民國101年度高雄市地方總決算審核報告（含附屬單位決算及綜計表） > 101年度高雄市地方總決算審核報告.pdf",11f9a0d5d7f4b37de633acf0f10f1ad1.pdf,http://www.audit.gov.tw/ezfiles/0/1000/attach/64/pta_1147_5263302_51968.pdf
"民國101年度 > 中華民國101年度各縣市總決算審核報告 > 101年度基隆市總決算審核報告.pdf",4acfa40b8debd25f01cf32c7e21e153b.pdf,http://www.audit.gov.tw/ezfiles/0/1000/attach/70/pta_1178_5308972_45802.pdf
"民國101年度 > 中華民國101年度各縣市總決算審核報告 > 101年度宜蘭縣總決算審核報告.pdf",42a9c49054b3c613c33f1df4edd09586.pdf,http://www.audit.gov.tw/ezfiles/0/1000/attach/70/pta_1154_4083635_54900.pdf
"民國101年度 > 中華民國101年度各縣市總決算審核報告 > 101年度桃園縣總決算審核報告.pdf",9f13f9a9a08d568955d007963d5f532d.pdf,http://www.audit.gov.tw/ezfiles/0/1000/attach/70/pta_1155_6585692_54900.pdf
"民國101年度 > 中華民國101年度各縣市總決算審核報告 > 101年度新竹縣總決算審核報告.pdf",e7b16647f1eb64a26584dd91d78d5f28.pdf,http://www.audit.gov.tw/ezfiles/0/1000/attach/70/pta_1156_2634482_54900.pdf
"民國101年度 > 中華民國101年度各縣市總決算審核報告 > 101年度新竹市總決算審核報告.pdf",1273890e102044eebb94742ffb4e5bbc.pdf,http://www.audit.gov.tw/ezfiles/0/1000/attach/70/pta_1172_5057314_40015.pdf
"民國101年度 > 中華民國101年度各縣市總決算審核報告 > 101年度苗栗縣總決算審核報告.pdf",a69ee718bc868d582931e34084dcd9ba.pdf,http://www.audit.gov.tw/ezfiles/0/1000/attach/70/pta_1158_1617391_54900.pdf
"民國101年度 > 中華民國101年度各縣市總決算審核報告 > 101年度彰化縣總決算審核報告.pdf",72c32482cd0e9d59c3584e2821220435.pdf,http://www.audit.gov.tw/ezfiles/0/1000/attach/70/pta_1159_6546822_54902.pdf
"民國101年度 > 中華民國101年度各縣市總決算審核報告 > 101年度南投縣總決算審核報告.pdf",f313ad7bac55634a70c457c6462ddae1.pdf,http://www.audit.gov.tw/ezfiles/0/1000/attach/70/pta_1160_7029687_54902.pdf
"民國101年度 > 中華民國101年度各縣市總決算審核報告 > 101年度雲林縣總決算審核報告.pdf",b1662d747c72fa19d8bbdea8990aa494.pdf,http://www.audit.gov.tw/ezfiles/0/1000/attach/70/pta_1161_7662913_54902.pdf
"民國101年度 > 中華民國101年度各縣市總決算審核報告 > 101年度嘉義縣總決算審核報告.pdf",5a6444f399f4362fc3ae26857b9e2c8b.pdf,http://www.audit.gov.tw/ezfiles/0/1000/attach/70/pta_1162_4397140_54902.pdf
"民國101年度 > 中華民國101年度各縣市總決算審核報告 > 嘉義大埔美智慧型工業園區後期I區開發計畫特別決算審核報告.pdf",e42b65165305ab60e20161285a8415e5.pdf,http://www.audit.gov.tw/ezfiles/0/1000/attach/70/pta_1170_605894_54932.pdf
"民國101年度 > 中華民國101年度各縣市總決算審核報告 > 101年度嘉義市總決算審核報告.pdf",086fbed6ee4ef27ad8efb9b27ee69b5c.pdf,http://www.audit.gov.tw/ezfiles/0/1000/attach/70/pta_1179_3955487_14561.pdf
"民國101年度 > 中華民國101年度各縣市總決算審核報告 > 101年度屏東縣總決算審核報告.pdf",b94de3975811725ba7d199d54574aa44.pdf,http://www.audit.gov.tw/ezfiles/0/1000/attach/70/pta_1164_980344_54905.pdf
"民國101年度 > 中華民國101年度各縣市總決算審核報告 > 101年度花蓮縣總決算審核報告.pdf",21182ddee27d05a14a4fc88ec6773cae.pdf,http://www.audit.gov.tw/ezfiles/0/1000/attach/70/pta_1165_261736_54905.pdf
"民國101年度 > 中華民國101年度各縣市總決算審核報告 > 101年度臺東縣總決算審核報告.pdf",9973cad4b25367448d1f69d5c8de4554.pdf,http://www.audit.gov.tw/ezfiles/0/1000/attach/70/pta_1166_8881720_54906.pdf
"民國101年度 > 中華民國101年度各縣市總決算審核報告 > 101年度澎湖縣總決算審核報告.pdf",521185ebcb71a24bb211070b87655564.pdf,http://www.audit.gov.tw/ezfiles/0/1000/attach/70/pta_1167_8438038_54906.pdf
"民國101年度 > 中華民國101年度各縣市總決算審核報告 > 101年度金門縣總決算審核報告.pdf",a6980ff9fb6e2d97b417c16ca4dbc4eb.pdf,http://www.audit.gov.tw/ezfiles/0/1000/attach/70/pta_1168_5017300_54906.pdf
"民國101年度 > 中華民國101年度各縣市總決算審核報告 > 101年度連江縣總決算審核報告.pdf",adf30000e95ce7b40ab5022c325244e4.pdf,http://www.audit.gov.tw/ezfiles/0/1000/attach/70/pta_1169_3995062_54906.pdf
"民國100年度 > 中華民國100年度中央政府總決算審核報告（含附屬單位決算及綜計表） > 中華民國100年度中央政府總決算審核報告（含附屬單位決算及綜計表）.pdf",53b3c4dd25af55b10ca5363427eeeead.pdf,http://www.audit.gov.tw/ezfiles/0/1000/attach/10/pta_135_4330098_91908.pdf
"民國100年度 > 中華民國100年度中央政府總決算審核報告（附冊-總決算部分） > 中華民國100年度中央政府總決算審核報告（附冊-總決算部分）.pdf",27d67d18a68581d80f5c7b415ec6f21a.pdf,http://www.audit.gov.tw/ezfiles/0/1000/attach/9/pta_134_5641944_91846.pdf
"民國100年度 > 中華民國100年度中央政府總決算審核報告（附冊-營業部分） > 中華民國100年度中央政府總決算審核報告（附冊-營業部分）.pdf",fcb78761107d76a9ca1dfefd409ba749.pdf,http://www.audit.gov.tw/ezfiles/0/1000/attach/8/pta_133_8118596_91805.pdf
"民國100年度 > 中華民國100年度中央政府總決算審核報告（附冊-非營業部分） > 中華民國100年度中央政府總決算審核報告（附冊-非營業部分）.pdf",fc4711c64b764aaa3a79a9cc4a3ac1c6.pdf,http://www.audit.gov.tw/ezfiles/0/1000/attach/7/pta_132_1573852_91763.pdf
"民國100年度 > 中央政府振興經濟擴大公共建設特別決算審核報告（中華民國100年度） > 中央政府振興經濟擴大公共建設特別決算審核報告（中華民國100年度）.pdf",d7c5123dbf8ccdfb7525cc5137082536.pdf,http://www.audit.gov.tw/ezfiles/0/1000/attach/6/pta_131_6596226_91701.pdf
"民國100年度 > 中央政府石門水庫及其集水區整治計畫第2期特別決算審核報告（中華民國98年度至100年度） > 中央政府石門水庫及其集水區整治計畫第2期特別決算審核報告（中華民國98年度至100年度）.pdf",b86de4dfc0013f95be78f1d0cbed0b4f.pdf,http://www.audit.gov.tw/ezfiles/0/1000/attach/5/pta_130_7482207_91675.pdf
"民國100年度 > 中華民國100年度臺北市地方總決算審核報告（含附屬單位決算及綜計表） > 中華民國100年度臺北市地方總決算審核報告（含附屬單位決算及綜計表）.pdf",77a4fe703e1c6137b06d6ea938be5684.pdf,http://www.audit.gov.tw/ezfiles/0/1000/attach/4/pta_129_7750703_91625.pdf
"民國100年度 > 臺北文化體育園區開發案特別決算審核報告 > 臺北文化體育園區開發案特別決算審核報告.pdf",b14246cd8dfe3376cf96fe33bf3e7c5b.pdf,http://www.audit.gov.tw/ezfiles/0/1000/attach/3/pta_128_4988813_91523.pdf
"民國100年度 > 臺北都會區大眾捷運系統建設計畫第三期工程特別決算審核報告 > 臺北都會區大眾捷運系統建設計畫第三期工程特別決算審核報告.pdf",815b0f40e904e575a6e83def95245e38.pdf,http://www.audit.gov.tw/ezfiles/0/1000/attach/2/pta_127_6852076_91494.pdf
"民國100年度 > 中華民國100年度新北市地方總決算審核報告（含附屬單位決算及綜計表） > 中華民國100年度新北市地方總決算審核報告（含附屬單位決算及綜計表）.pdf",ab9b0a218fe02d2cdf22a0d002626230.pdf,http://www.audit.gov.tw/ezfiles/0/1000/attach/1/pta_126_8834756_91468.pdf
"民國100年度 > 中華民國100年度臺中市總決算審核報告（含附屬單位決算及綜計表） > 中華民國100年度臺中市總決算審核報告（含附屬單位決算及綜計表）.pdf",618db727a1c23ab56b8729c06b1e6a9c.pdf,http://www.audit.gov.tw/ezfiles/0/1000/attach/0/pta_125_6897357_91418.pdf
"民國100年度 > 中華民國100年度臺南市地方總決算審核報告（含附屬單位決算及綜計表） > 中華民國100年度臺南市地方總決算審核報告（含附屬單位決算及綜計表）.pdf",4cbf74a2d64e0c533b1d4bbe7e5d2b7a.pdf,http://www.audit.gov.tw/ezfiles/0/1000/attach/96/pta_124_5785820_91388.pdf
"民國100年度 > 中華民國100年度高雄市地方總決算審核報告（含附屬單位決算及綜計表） > 中華民國100年度高雄市地方總決算審核報告（含附屬單位決算及綜計表）.pdf",add782658bc23ad2d23c2985fa82f421.pdf,http://www.audit.gov.tw/ezfiles/0/1000/attach/95/pta_123_2977233_91344.pdf
"民國100年度 > 中華民國100年度各縣市總決算審核報告 > 中華民國100年度基隆市總決算審核報告.pdf",ee52be2745106c66e15dccfc62d0b642.pdf,http://www.audit.gov.tw/ezfiles/0/1000/attach/94/pta_638_8054584_72656.pdf
"民國100年度 > 中華民國100年度各縣市總決算審核報告 > 中華民國100年度宜蘭縣總決算審核報告.pdf",d526cb5b57b128db587be28a93e252bd.pdf,http://www.audit.gov.tw/ezfiles/0/1000/attach/94/pta_639_8911785_72656.pdf
"民國100年度 > 中華民國100年度各縣市總決算審核報告 > 中華民國100年度桃園縣總決算審核報告.pdf",a0db98bcb75c4486235b9fddd4c0fb78.pdf,http://www.audit.gov.tw/ezfiles/0/1000/attach/94/pta_640_5711718_72656.pdf
"民國100年度 > 中華民國100年度各縣市總決算審核報告 > 中華民國100年度新竹縣總決算審核報告.pdf",1710be49d5900b6d292f2b3dca6ca41a.pdf,http://www.audit.gov.tw/ezfiles/0/1000/attach/94/pta_641_4847710_72727.pdf
"民國100年度 > 中華民國100年度各縣市總決算審核報告 > 中華民國100年度新竹市總決算審核報告.pdf",206ab674891b72e98975292db599ccf0.pdf,http://www.audit.gov.tw/ezfiles/0/1000/attach/94/pta_642_7705400_72727.pdf
"民國100年度 > 中華民國100年度各縣市總決算審核報告 > 中華民國100年度苗栗縣總決算審核報告.pdf",bb7150e6083602562ec6d93f20e737b6.pdf,http://www.audit.gov.tw/ezfiles/0/1000/attach/94/pta_643_6553728_72727.pdf
"民國100年度 > 中華民國100年度各縣市總決算審核報告 > 中華民國100年度彰化縣總決算審核報告.pdf",31b293d804fcccd4228d8cad04b0c073.pdf,http://www.audit.gov.tw/ezfiles/0/1000/attach/94/pta_644_4626916_72727.pdf
"民國100年度 > 中華民國100年度各縣市總決算審核報告 > 中華民國100年度南投縣總決算審核報告.pdf",6d16ac506012054e5ce238cbffb0814c.pdf,http://www.audit.gov.tw/ezfiles/0/1000/attach/94/pta_645_7501811_72728.pdf
"民國100年度 > 中華民國100年度各縣市總決算審核報告 > 中華民國100年度雲林縣總決算審核報告.pdf",fffcc7086872b66c2d967b0002c43e4f.pdf,http://www.audit.gov.tw/ezfiles/0/1000/attach/94/pta_646_6828427_72728.pdf
"民國100年度 > 中華民國100年度各縣市總決算審核報告 > 中華民國100年度嘉義縣總決算審核報告.pdf",558b973a4a48ff1c9ef9c8c8092237d1.pdf,http://www.audit.gov.tw/ezfiles/0/1000/attach/94/pta_647_6347054_72728.pdf
"民國100年度 > 中華民國100年度各縣市總決算審核報告 > 中華民國100年度嘉義市總決算審核報告.pdf",ba085ede45df544b69cf2d585fb8fff3.pdf,http://www.audit.gov.tw/ezfiles/0/1000/attach/94/pta_648_2775600_72728.pdf
"民國100年度 > 中華民國100年度各縣市總決算審核報告 > 中華民國100年度屏東縣總決算審核報告.pdf",edef504456a6c316c24311d865240cd3.pdf,http://www.audit.gov.tw/ezfiles/0/1000/attach/94/pta_649_8039769_72819.pdf
"民國100年度 > 中華民國100年度各縣市總決算審核報告 > 中華民國100年度花蓮縣總決算審核報告.pdf",10d93446ba372845a0408934a4604239.pdf,http://www.audit.gov.tw/ezfiles/0/1000/attach/94/pta_650_9326555_72820.pdf
"民國100年度 > 中華民國100年度各縣市總決算審核報告 > 中華民國100年度臺東縣總決算審核報告.pdf",f54f4605b78b37d1169ac23913c75789.pdf,http://www.audit.gov.tw/ezfiles/0/1000/attach/94/pta_651_2014770_72820.pdf
"民國100年度 > 中華民國100年度各縣市總決算審核報告 > 中華民國100年度澎湖縣總決算審核報告.pdf",40201169f1d302df710fcd53114a1639.pdf,http://www.audit.gov.tw/ezfiles/0/1000/attach/94/pta_652_5454480_72820.pdf
"民國100年度 > 中華民國100年度各縣市總決算審核報告 > 中華民國100年度金門縣總決算審核報告.pdf",4270ebca2675e6b9c1bf5bcce6c85edb.pdf,http://www.audit.gov.tw/ezfiles/0/1000/attach/94/pta_653_2784270_72820.pdf
"民國100年度 > 中華民國100年度各縣市總決算審核報告 > 中華民國100年度連江縣總決算審核報告.pdf",d13249d2c9b3ed42acd30bc92daaf7f2.pdf,http://www.audit.gov.tw/ezfiles/0/1000/attach/94/pta_654_9614654_72820.pdf
"民國99年度 > 中華民國99年度中央政府總決算審核報告（含附屬單位決算及綜計表） > 中華民國99年度中央政府總決算審核報告.pdf",9937b0d9105ec65a2615a808d70fe25d.pdf,http://www.audit.gov.tw/ezfiles/0/1000/attach/85/pta_662_2070587_73542.pdf
"民國99年度 > 中華民國99年度中央政府總決算審核報告（附冊-總決算部分） > 中華民國99年度中央政府總決算審核報告（附冊-總決算部分）.pdf",a28dae6dc22360dc8d4499b002c5cd06.pdf,http://www.audit.gov.tw/ezfiles/0/1000/attach/84/pta_659_3642453_73510.pdf
"民國99年度 > 中華民國99年度中央政府總決算審核報告（附冊-非營業部分） > 中華民國99年度中央政府總決算審核報告（附冊-非營業部分）.pdf",624a2127e02cc8fd2abc833bb956bd43.pdf,http://www.audit.gov.tw/ezfiles/0/1000/attach/82/pta_661_2696545_73531.pdf
"民國99年度 > 中華民國99年度中央政府總決算審核報告（附冊-營業部分） > 中華民國99年度中央政府總決算審核報告（附冊-營業部分）.pdf",0a85cd01e0a63a750c02a041a0656011.pdf,http://www.audit.gov.tw/ezfiles/0/1000/attach/83/pta_660_7575974_73522.pdf
"民國99年度 > 中央政府振興經濟擴大公共建設特別決算審核報告（中華民國99年度） > 99振興審核報告.pdf",b124b4f521f2a087b53bfe4c9e60dd7b.pdf,http://www.audit.gov.tw/ezfiles/0/1000/attach/81/pta_658_3381748_73492.pdf
"民國99年度 > 中央政府易淹水地區水患治理計畫第2 期特別決算審核報告(中華民國97年度至99年度) > 易淹水第2期審核報告.pdf",6b2f72a2efddbc1117bad3abd26a9590.pdf,http://www.audit.gov.tw/ezfiles/0/1000/attach/80/pta_657_4242473_73477.pdf
"民國99年度 > 中華民國99年度臺北市地方總決算審核報告（含附屬單位決算及綜計表） > 99臺北市地方總決算審核報告.pdf",42be0e03bfa0886d47a43322d54c8256.pdf,http://www.audit.gov.tw/ezfiles/0/1000/attach/78/pta_656_6561420_73467.pdf
"民國99年度 > 中華民國99年度高雄市地方總決算審核報告（含附屬單位決算及綜計表） > 99高雄市地方總決算審核報告.pdf",d438cc73309e4820eee9c74049355cdd.pdf,http://www.audit.gov.tw/ezfiles/0/1000/attach/77/pta_655_2701968_73455.pdf
"民國99年度 > 中華民國99年度各縣市總決算審核報告 > 99年度基隆市總決算審核報告.pdf",379b3cb8c1f265396319fe19e6754b9d.pdf,http://www.audit.gov.tw/ezfiles/0/1000/attach/79/pta_663_1454243_73849.pdf
"民國99年度 > 中華民國99年度各縣市總決算審核報告 > 99年度臺北縣總決算審核報告.pdf",8bc33c1dba78ece8b55f9392a891a3bc.pdf,http://www.audit.gov.tw/ezfiles/0/1000/attach/79/pta_664_2649341_73850.pdf
"民國99年度 > 中華民國99年度各縣市總決算審核報告 > 99年度宜蘭縣總決算審核報告.pdf",514a08630e3d164b327926b433df4ea3.pdf,http://www.audit.gov.tw/ezfiles/0/1000/attach/79/pta_665_3757249_73850.pdf
"民國99年度 > 中華民國99年度各縣市總決算審核報告 > 99年度桃園縣總決算審核報告.pdf",70e4597c9d343b319b1893ee517890fa.pdf,http://www.audit.gov.tw/ezfiles/0/1000/attach/79/pta_666_4422400_73850.pdf
"民國99年度 > 中華民國99年度各縣市總決算審核報告 > 99年度新竹縣總決算審核報告.pdf",91f1e9d9c8c38db21e6bd730d78d5d17.pdf,http://www.audit.gov.tw/ezfiles/0/1000/attach/79/pta_667_6571283_73850.pdf
"民國99年度 > 中華民國99年度各縣市總決算審核報告 > 99年度新竹市總決算審核報告.pdf",abaaf508203afd430e7eaf99c060d275.pdf,http://www.audit.gov.tw/ezfiles/0/1000/attach/79/pta_668_9119547_73850.pdf
"民國99年度 > 中華民國99年度各縣市總決算審核報告 > 99年度苗栗縣總決算審核報告.pdf",486d948bcc0cd6047f64b6c2f17e2ae4.pdf,http://www.audit.gov.tw/ezfiles/0/1000/attach/79/pta_669_1076538_73850.pdf
"民國99年度 > 中華民國99年度各縣市總決算審核報告 > 99年度臺中縣總決算審核報告.pdf",50c996b874323711ae50e81c1194b3b8.pdf,http://www.audit.gov.tw/ezfiles/0/1000/attach/79/pta_670_8482659_73850.pdf
"民國99年度 > 中華民國99年度各縣市總決算審核報告 > 99年度臺中市總決算審核報告.pdf",261e1ef3d4d9b7fff79e76c97d1fca19.pdf,http://www.audit.gov.tw/ezfiles/0/1000/attach/79/pta_671_687775_73850.pdf
"民國99年度 > 中華民國99年度各縣市總決算審核報告 > 臺中新市政中心特別決算審核報告(中華民國92年12月1日至99年12月31日).pdf",b0503f87e024b55985fe1c3e236fc1da.pdf,http://www.audit.gov.tw/ezfiles/0/1000/attach/79/pta_672_9598459_73851.pdf
"民國99年度 > 中華民國99年度各縣市總決算審核報告 > 99年度彰化縣總決算審核報告.pdf",9bd4afcb10c08df3f908ec34c29fa862.pdf,http://www.audit.gov.tw/ezfiles/0/1000/attach/79/pta_673_9567421_73851.pdf
"民國99年度 > 中華民國99年度各縣市總決算審核報告 > 99年度南投縣總決算審核報告.pdf",4fb5ca919040224260c85da53a81f887.pdf,http://www.audit.gov.tw/ezfiles/0/1000/attach/79/pta_674_6276530_74034.pdf
"民國99年度 > 中華民國99年度各縣市總決算審核報告 > 99年度雲林縣總決算審核報告.pdf",241ca1e11c7c9085dc1c41a047083012.pdf,http://www.audit.gov.tw/ezfiles/0/1000/attach/79/pta_675_3575729_74034.pdf
"民國99年度 > 中華民國99年度各縣市總決算審核報告 > 99年度嘉義縣總決算審核報告.pdf",686d4102f995f3b06633a12d640731de.pdf,http://www.audit.gov.tw/ezfiles/0/1000/attach/79/pta_676_9883940_74034.pdf
"民國99年度 > 中華民國99年度各縣市總決算審核報告 > 99年度嘉義市總決算審核報告.pdf",f7a68013e1d6177315e7151999e2136c.pdf,http://www.audit.gov.tw/ezfiles/0/1000/attach/79/pta_677_1028116_74034.pdf
"民國99年度 > 中華民國99年度各縣市總決算審核報告 > 99年度臺南縣總決算審核報告.pdf",3705af0cfd6ead201df630f42857c1e3.pdf,http://www.audit.gov.tw/ezfiles/0/1000/attach/79/pta_678_4348220_74034.pdf
"民國99年度 > 中華民國99年度各縣市總決算審核報告 > 99年度臺南市總決算審核報告.pdf",dc4469b99846a0da4f8fa5b13a50d745.pdf,http://www.audit.gov.tw/ezfiles/0/1000/attach/79/pta_679_2360173_74034.pdf
"民國99年度 > 中華民國99年度各縣市總決算審核報告 > 99年度高雄縣總決算審核報告.pdf",dcd0af565440719993ee9748bbabf33d.pdf,http://www.audit.gov.tw/ezfiles/0/1000/attach/79/pta_680_7584771_74035.pdf
"民國99年度 > 中華民國99年度各縣市總決算審核報告 > 99年度屏東縣總決算審核報告.pdf",25ce18c8bf444317fff8c3f43b9acd62.pdf,http://www.audit.gov.tw/ezfiles/0/1000/attach/79/pta_681_9579884_74088.pdf
"民國99年度 > 中華民國99年度各縣市總決算審核報告 > 99年度花蓮縣總決算審核報告.pdf",b41faedfb030ba8ce639232c6858486b.pdf,http://www.audit.gov.tw/ezfiles/0/1000/attach/79/pta_682_8784754_74088.pdf
"民國99年度 > 中華民國99年度各縣市總決算審核報告 > 99年度臺東縣總決算審核報告.pdf",6d1e9df493c89ffc62f154cfae0eceac.pdf,http://www.audit.gov.tw/ezfiles/0/1000/attach/79/pta_683_9550516_74088.pdf
"民國99年度 > 中華民國99年度各縣市總決算審核報告 > 99年度澎湖縣總決算審核報告.pdf",62dcfccd131d98c01b09ceabf00d9df7.pdf,http://www.audit.gov.tw/ezfiles/0/1000/attach/79/pta_684_6630946_74088.pdf
"民國99年度 > 中華民國99年度各縣市總決算審核報告 > 99年度金門縣總決算審核報告.pdf",1a4d9e98a5c79478c6a01ef69da7094b.pdf,http://www.audit.gov.tw/ezfiles/0/1000/attach/79/pta_685_1938943_74089.pdf
"民國99年度 > 中華民國99年度各縣市總決算審核報告 > 99年度連江縣總決算審核報告.pdf",afb3c802184a06e5859e22b1846201c3.pdf,http://www.audit.gov.tw/ezfiles/0/1000/attach/79/pta_686_1087056_74090.pdf
"民國98年度 > 中華民國98年度中央政府總決算審核報告（含附屬單位決算及綜計表） > 98年度中央政府總決算審核報告.pdf",fc1f663568e90b40564d8e6493d6e97e.pdf,http://www.audit.gov.tw/ezfiles/0/1000/attach/94/pta_687_2017168_74915.pdf
"民國98年度 > 中華民國98年度中央政府總決算審核報告（附冊-總決算部分） > 98年度中央政府總決算審核報告（附冊-總決算部分）.pdf",a833c4f5a68e0c1ca312bd80becdf111.pdf,http://www.audit.gov.tw/ezfiles/0/1000/attach/93/pta_688_7360510_74925.pdf
"民國98年度 > 中華民國98年度中央政府總決算審核報告（附冊-非營業部分） > 附冊-非營業.pdf",48e1eadb0be4bf1acbcba5d347cf18df.pdf,http://www.audit.gov.tw/ezfiles/0/1000/attach/91/pta_689_7421910_74937.pdf
"民國98年度 > 中華民國98年度中央政府總決算審核報告（附冊-營業部分） > 98年度中央政府總決算審核報告（附冊-營業部分）.pdf",fbd320f496247eef42d44afae47c813f.pdf,http://www.audit.gov.tw/ezfiles/0/1000/attach/92/pta_690_4801700_74945.pdf
"民國98年度 > 中央政府振興經濟擴大公共建設特別決算審核報告（中華民國98年度） > 中央政府振興經濟擴大公共建設特別決算審核報告.pdf",5e14d85097f997830d80e2f015897b40.pdf,http://www.audit.gov.tw/ezfiles/0/1000/attach/90/pta_691_4508458_74955.pdf
"民國98年度 > 中央政府振興經濟消費券發放特別決算審核報告（中華民國98年度） > 中央政府振興經濟消費券發放特別決算審核報告.pdf",c071d4ea32dfbd26a1e155ff63279f08.pdf,http://www.audit.gov.tw/ezfiles/0/1000/attach/89/pta_692_670563_74965.pdf
"民國98年度 > 中華民國98年度臺北市地方總決算審核報告（含附屬單位決算及綜計表） > 98臺北市地方總決算審核報告.pdf",1b18710b761a121dfe007c376d285946.pdf,http://www.audit.gov.tw/ezfiles/0/1000/attach/88/pta_693_5664524_74974.pdf
"民國98年度 > 中華民國98年度高雄市地方總決算審核報告（含附屬單位決算及綜計表） > 98高雄市地方總決算審核報告.pdf",2baba12c5c4e60c849ee695ec853ec03.pdf,http://www.audit.gov.tw/ezfiles/0/1000/attach/86/pta_694_8656021_74982.pdf
"民國98年度 > 中華民國98年度各縣市總決算審核報告 > 98年度基隆市總決算審核報告.pdf",24d98709241ca34470435fd136c28b00.pdf,http://www.audit.gov.tw/ezfiles/0/1000/attach/87/pta_695_14793_75167.pdf
"民國98年度 > 中華民國98年度各縣市總決算審核報告 > 98年度臺北縣總決算審核報告.pdf",bc18e6bee520f6f63dd32a1a666b0436.pdf,http://www.audit.gov.tw/ezfiles/0/1000/attach/87/pta_696_2216034_75167.pdf
"民國98年度 > 中華民國98年度各縣市總決算審核報告 > 98年度宜蘭縣總決算審核報告.pdf",87836457560652edd15870c064cea067.pdf,http://www.audit.gov.tw/ezfiles/0/1000/attach/87/pta_697_5613001_75167.pdf
"民國98年度 > 中華民國98年度各縣市總決算審核報告 > 98年度桃園縣總決算審核報告.pdf",e3d272428f4c8aa2de8f0fb29ca6edc9.pdf,http://www.audit.gov.tw/ezfiles/0/1000/attach/87/pta_698_8835051_75167.pdf
"民國98年度 > 中華民國98年度各縣市總決算審核報告 > 98年度新竹縣總決算審核報告.pdf",5bca4531eeec85b4d458c553198f2b39.pdf,http://www.audit.gov.tw/ezfiles/0/1000/attach/87/pta_699_6498113_75168.pdf
"民國98年度 > 中華民國98年度各縣市總決算審核報告 > 98年度新竹市總決算審核報告.pdf",5155fe35d7759ceb4fc2bf29a08975ea.pdf,http://www.audit.gov.tw/ezfiles/0/1000/attach/87/pta_700_274246_75168.pdf
"民國98年度 > 中華民國98年度各縣市總決算審核報告 > 98年度苗栗縣總決算審核報告.pdf",9fac4213ba67c2f26420bb067d035123.pdf,http://www.audit.gov.tw/ezfiles/0/1000/attach/87/pta_701_3520478_75168.pdf
"民國98年度 > 中華民國98年度各縣市總決算審核報告 > 98年度臺中縣總決算審核報告.pdf",6889b81e7f7b748c2b809b8aa50af7c3.pdf,http://www.audit.gov.tw/ezfiles/0/1000/attach/87/pta_702_1664844_75168.pdf
"民國98年度 > 中華民國98年度各縣市總決算審核報告 > 98年度臺中市總決算審核報告.pdf",03714291796392a69b62e45e05986914.pdf,http://www.audit.gov.tw/ezfiles/0/1000/attach/87/pta_703_6222975_75168.pdf
"民國98年度 > 中華民國98年度各縣市總決算審核報告 > 98年度彰化縣總決算審核報告.pdf",13c4c5f6b5a3cd717bc51a31ddc50299.pdf,http://www.audit.gov.tw/ezfiles/0/1000/attach/87/pta_704_7744709_75169.pdf
"民國98年度 > 中華民國98年度各縣市總決算審核報告 > 98年度南投縣總決算審核報告.pdf",d90ea9c4122b71cfa8091d51cf22f8db.pdf,http://www.audit.gov.tw/ezfiles/0/1000/attach/87/pta_705_2309323_75169.pdf
"民國98年度 > 中華民國98年度各縣市總決算審核報告 > 98年度雲林縣總決算審核報告.pdf",90beebc06d2e25089f95bf52bde5b152.pdf,http://www.audit.gov.tw/ezfiles/0/1000/attach/87/pta_706_4855015_75278.pdf
"民國98年度 > 中華民國98年度各縣市總決算審核報告 > 98年度嘉義縣總決算審核報告.pdf",d765b1fd33eed62e0d06b96dd2cdd4cc.pdf,http://www.audit.gov.tw/ezfiles/0/1000/attach/87/pta_707_5429591_75278.pdf
"民國98年度 > 中華民國98年度各縣市總決算審核報告 > 98年度嘉義市總決算審核報告.pdf",5791be6767eddf494c5f3d6e4d934100.pdf,http://www.audit.gov.tw/ezfiles/0/1000/attach/87/pta_708_3651040_75279.pdf
"民國98年度 > 中華民國98年度各縣市總決算審核報告 > 98年度臺南縣總決算審核報告.pdf",d0d4d61fc4cf4e48d263a95dc158fe6d.pdf,http://www.audit.gov.tw/ezfiles/0/1000/attach/87/pta_709_4961077_75279.pdf
"民國98年度 > 中華民國98年度各縣市總決算審核報告 > 98年度臺南市總決算審核報告.pdf",8e5636e13fefbbd1e6180f6a3f321f55.pdf,http://www.audit.gov.tw/ezfiles/0/1000/attach/87/pta_710_9869317_75279.pdf
"民國98年度 > 中華民國98年度各縣市總決算審核報告 > 98年度高雄縣總決算審核報告.pdf",7218ecd1c616d0a6d9e7f4573c469139.pdf,http://www.audit.gov.tw/ezfiles/0/1000/attach/87/pta_711_692890_75279.pdf
"民國98年度 > 中華民國98年度各縣市總決算審核報告 > 高雄縣大東文化藝術園區興建計畫特別決算審核報告（中華民國96年度至98年度）.pdf",4854fbec9174edf5a62040f05ba07b94.pdf,http://www.audit.gov.tw/ezfiles/0/1000/attach/87/pta_712_8678629_75279.pdf
"民國98年度 > 中華民國98年度各縣市總決算審核報告 > 98年度屏東縣總決算審核報告.pdf",de21561f9c0f2b0a8789fd71068276c8.pdf,http://www.audit.gov.tw/ezfiles/0/1000/attach/87/pta_713_5954297_75534.pdf
"民國98年度 > 中華民國98年度各縣市總決算審核報告 > 98年度花蓮縣總決算審核報告.pdf",b5c428109d60440708aef8f3d1f54453.pdf,http://www.audit.gov.tw/ezfiles/0/1000/attach/87/pta_714_4741835_75534.pdf
"民國98年度 > 中華民國98年度各縣市總決算審核報告 > 98年度臺東縣總決算審核報告.pdf",d274dfd6daa882a0457283fb0a0ac818.pdf,http://www.audit.gov.tw/ezfiles/0/1000/attach/87/pta_715_5212380_75534.pdf
"民國98年度 > 中華民國98年度各縣市總決算審核報告 > 98年度臺東縣總決算審核報告.pdf",f3292ff6aba919d9c0a14e93a67c5bdc.pdf,http://www.audit.gov.tw/ezfiles/0/1000/attach/87/pta_716_502357_75534.pdf
"民國98年度 > 中華民國98年度各縣市總決算審核報告 > 98年度澎湖縣總決算審核報告.pdf",c83d406d0ed03e9ef1c35ab046cee031.pdf,http://www.audit.gov.tw/ezfiles/0/1000/attach/87/pta_717_6400013_75534.pdf
"民國98年度 > 中華民國98年度各縣市總決算審核報告 > 98年度金門縣總決算審核報告.pdf",59bb9f20e51db3f5976ed90cd486d271.pdf,http://www.audit.gov.tw/ezfiles/0/1000/attach/87/pta_718_6839515_75534.pdf
"民國98年度 > 中華民國98年度各縣市總決算審核報告 > 98年度連江縣總決算審核報告.pdf",b4ab82fff37858a7ffa0bd9a7ac4c875.pdf,http://www.audit.gov.tw/ezfiles/0/1000/attach/87/pta_719_2004747_75534.pdf
"民國97年度 > 民國97年度中央政府總決算審核報告（含附屬單位決算及綜計表） > 97年度中央政府總決算審核報告.pdf",5fb1cc36c8082366a74a32e6e3cac7d7.pdf,http://www.audit.gov.tw/ezfiles/0/1000/attach/2/pta_731_5679069_99436.pdf
"民國97年度 > 民國97年度中央政府總決算審核報告參考資料（總決算部分） > 97年度中央政府總決算審核報告參考資料（總決算部分）.pdf",24d43d77aad1fec0db6c8c644e9e1879.pdf,http://www.audit.gov.tw/ezfiles/0/1000/attach/3/pta_732_9635144_99467.pdf
"民國97年度 > 民國97年度中央政府總決算審核報告參考資料（非營業部分） > 97年度中央政府總決算審核報告參考資料（非營業部分）.pdf",86d8262948bfd9ed9de65435f3d0faf6.pdf,http://www.audit.gov.tw/ezfiles/0/1000/attach/0/pta_730_5977663_99344.pdf
"民國97年度 > 民國97年度中央政府總決算審核報告參考資料（營業部分） > 97年度中央政府總決算審核報告參考資料(營業部分).pdf",d08467a2fbf0fbeda4819e842dd6abf3.pdf,http://www.audit.gov.tw/ezfiles/0/1000/attach/5/pta_733_9297828_99587.pdf
"民國97年度 > 民國97年度中央政府擴大公共建設投資計畫特別決算審核報告 > 97年度中央政府擴大公共建設投資計畫特別決算審核報告.pdf",a148bbc9ff930b27e3f0d305ee8b2d83.pdf,http://www.audit.gov.tw/ezfiles/0/1000/attach/1/pta_735_7176756_99659.pdf
"民國97年度 > 民國95至97年度中央政府石門水庫及其集水區整治計畫第1期特別決算審核報告 > 石門特別決算審核報告.pdf",62d6083e5f182b153b03f79eed269161.pdf,http://www.audit.gov.tw/ezfiles/0/1000/attach/4/pta_734_2417176_99628.pdf
"民國97年度 > 民國97年度臺北市地方總決算審核報告（含附屬單位決算及綜計表） > 97年度臺北市地方總決算審核報告.pdf",d3e86cb2b77aca249437dbed5220a548.pdf,http://www.audit.gov.tw/ezfiles/0/1000/attach/96/pta_728_1338956_99185.pdf
"民國97年度 > 民國97年度高雄市地方總決算審核報告（含附屬單位決算及綜計表） > 97年度高雄市地方總決算審核報告.pdf",a86837632b03394681972e45e2ebe552.pdf,http://www.audit.gov.tw/ezfiles/0/1000/attach/95/pta_729_8888861_99257.pdf
"民國96年度 > 民國96年度中央政府總決算審核報告（含附屬單位決算及綜計表） > 96年度中央政府總決算審核報告.pdf",87bf859a81c08f0de1e74c112465d00f.pdf,http://www.audit.gov.tw/ezfiles/0/1000/attach/10/pta_720_5063630_76897.pdf
"民國96年度 > 民國96年度中央政府總決算審核報告參考資料（總決算部分） > 民國96年度中央政府總決算審核報告參考資料（總決算部分）.pdf",4897be8063f8d56de01b23495c54e29e.pdf,http://www.audit.gov.tw/ezfiles/0/1000/attach/11/pta_725_9016602_98477.pdf
"民國96年度 > 民國96年度中央政府總決算審核報告參考資料（非營業部分） > 民國96年度中央政府總決算審核報告參考資料（非營業部分）.pdf",764e432ca0737f53b6ebceda5a8126e2.pdf,http://www.audit.gov.tw/ezfiles/0/1000/attach/6/pta_726_5033637_98574.pdf
"民國96年度 > 民國96年度中央政府總決算審核報告參考資料（營業部分） > 民國96年度中央政府總決算審核報告參考資料（營業部分）.pdf",d77a31d6be0bc044f019ee2a97343bfd.pdf,http://www.audit.gov.tw/ezfiles/0/1000/attach/9/pta_727_2688158_98742.pdf
"民國96年度 > 民國96年度中央政府擴大公共建設投資計畫特別決算審核報告 > 民國96年度中央政府擴大公共建設投資計畫特別決算審核報告.pdf",a1ba029d5ac337226c7cb5d26459b599.pdf,http://www.audit.gov.tw/ezfiles/0/1000/attach/7/pta_722_2710613_76967.pdf
"民國96年度 > 民國95年度至96年度中央政府易淹水地區水患治理計畫第1期特別決算審核報告 > 民國95年度至96年度中央政府易淹水地區水患治理計畫第1期特別決算審核報告.pdf",15b76decdd91dbfb8bf9a45b2e50ab8e.pdf,http://www.audit.gov.tw/ezfiles/0/1000/attach/8/pta_721_6952995_76955.pdf
"民國96年度 > 民國96年度臺北市地方總決算審核報告（含附屬單位決算及綜計表） > 民國96年度臺北市地方總決算審核報告.pdf",c94b1bebaf53423414ed54141d9e9c46.pdf,http://www.audit.gov.tw/ezfiles/0/1000/attach/13/pta_723_3464340_98258.pdf
"民國96年度 > 民國96年度高雄市地方總決算審核報告（含附屬單位決算及綜計表） > 民國96年度高雄市地方總決算審核報告.pdf",367cbc7b46b6596acaec3f69eaa6a3c4.pdf,http://www.audit.gov.tw/ezfiles/0/1000/attach/12/pta_724_5861518_98309.pdf
"民國95年度 > 民國95年度中央政府總決算審核報告（含附屬單位決算及綜計表） > 民國95年度(含附屬單位決算及綜計表).pdf",23e551c1ec8ac51310cc8e17d9a6d377.pdf,http://www.audit.gov.tw/ezfiles/0/1000/attach/18/pta_736_9621351_36086.pdf
"民國95年度 > 民國95年度中央政府總決算審核報告參考資料（非營業部分） > 民國95年度(非營業部分).pdf",66254267adf33fdf64359bbd008f374d.pdf,http://www.audit.gov.tw/ezfiles/0/1000/attach/15/pta_738_3169057_36128.pdf
"民國95年度 > 民國95年度中央政府總決算審核報告參考資料（營業部分） > 民國95年度(營業部分).pdf",090f3be885c175e069a2907f95c3e8ef.pdf,http://www.audit.gov.tw/ezfiles/0/1000/attach/16/pta_739_4355866_36139.pdf
"民國95年度 > 民國95年度中央政府擴大公共建設投資計畫特別決算審核報告 > 民國95年度擴大公共建設投資計畫.pdf",ab4c372b5889da1966fb983aad482408.pdf,http://www.audit.gov.tw/ezfiles/0/1000/attach/14/pta_740_2049754_36151.pdf
"民國95年度 > 民國95年度臺北市地方總決算審核報告（含附屬單位決算及綜計表） > 民國95年度臺北市.pdf",99d7b4f277a8da2bfecef14e6a28893a.pdf,http://www.audit.gov.tw/ezfiles/0/1000/attach/19/pta_741_5783708_36206.pdf
"民國95年度 > 民國95年度高雄市地方總決算審核報告（含附屬單位決算及綜計表） > 民國95年度高雄市.pdf",aece492d4c84f254a9bea66ff0bf0f84.pdf,http://www.audit.gov.tw/ezfiles/0/1000/attach/20/pta_742_4732135_36228.pdf
"民國94年度 > 民國94年度中央政府總決算審核報告（含附屬單位決算及綜計表） > 民國94年度中央政府總決算審核報告（含附屬單位決算及綜計表）.pdf",49a21bfde9492a65d1029a060e071fbd.pdf,http://www.audit.gov.tw/ezfiles/0/1000/attach/21/pta_753_8372257_11942.pdf
"民國94年度 > 民國94年度台北市地方總決算審核報告（含附屬單位決算及綜計表） > 民國94年度台北市地方總決算審核報告.pdf",a3d44c8d6a209103e362929c7f2b1419.pdf,http://www.audit.gov.tw/ezfiles/0/1000/attach/22/pta_754_1683060_11970.pdf
"民國94年度 > 民國94年度高雄市地方總決算審核報告（含附屬單位決算及綜計表） > 民國94年度高雄市地方總決算審核報告.pdf",d41c458bfef603556291b9362892d041.pdf,http://www.audit.gov.tw/ezfiles/0/1000/attach/23/pta_755_6722766_11997.pdf
"民國93年度 > 民國93年度中央政府總決算審核報告（含附屬單位決算及綜計表） > 民國93年度中央政府總決算審核報告（含附屬單位決算及綜計表）.pdf",07d7106b2fb829f3f9cd82ebece6a740.pdf,http://www.audit.gov.tw/ezfiles/0/1000/attach/42/pta_750_9373184_11808.pdf
"民國93年度 > 民國93年度台北市地方總決算審核報告（含附屬單位決算及綜計表） > 民國93年度台北市地方總決算審核報告（含附屬單位決算及綜計表）.pdf",5b12bce1774ce904717b41ac171e6043.pdf,http://www.audit.gov.tw/ezfiles/0/1000/attach/43/pta_751_5702394_11832.pdf
"民國93年度 > 民國93年度高雄市地方總決算審核報告（含附屬單位決算及綜計表） > 民國93年度高雄市地方總決算審核報告（含附屬單位決算及綜計表）.pdf",3d406e7e39aba122cf815272b21fb6c0.pdf,http://www.audit.gov.tw/ezfiles/0/1000/attach/44/pta_752_7819222_11865.pdf
"民國92年度 > 民國92年度中央政府總決算審核報告（含附屬單位決算及綜計表） > 民國92年度中央政府總決算審核報告（含附屬單位決算及綜計表）.pdf",b2a16466f88bd966664c8eb76b213c18.pdf,http://www.audit.gov.tw/ezfiles/0/1000/attach/41/pta_749_1517743_11756.pdf
"民國92年度 > 民國92年度台北市地方總決算審核報告（含附屬單位決算及綜計表） > 民國92年度台北市地方總決算審核報告（含附屬單位決算及綜計表）.pdf",614d325af5d81273156fb107a6309ca5.pdf,http://www.audit.gov.tw/ezfiles/0/1000/attach/40/pta_748_2411965_11709.pdf
"民國92年度 > 民國92年度高雄市地方總決算審核報告（含附屬單位決算及綜計表） > 民國92年度高雄市地方總決算審核報告（含附屬單位決算及綜計表）.pdf",6df906342b844a74f3617b1ea23cd129.pdf,http://www.audit.gov.tw/ezfiles/0/1000/attach/39/pta_747_5154206_11686.pdf
"民國91年度 > 民國91年度中央政府總決算暨附屬單位決算及綜計表(營業部分與非營業部分)審核報告 > 民國91年度中央政府總決算暨附屬單位決算及綜計表(營業部分與非營業部分)審核報告.pdf",878c1e9e8979a365dea2bb788014c794.pdf,http://www.audit.gov.tw/ezfiles/0/1000/attach/38/pta_746_5615500_11582.pdf
"民國91年度 > 民國91年度台北市地方總決算審核報告 > 民國91年度台北市地方總決算審核報告.pdf",edcd40e47d44b171ad66505c5f2464a0.pdf,http://www.audit.gov.tw/ezfiles/0/1000/attach/37/pta_745_6376534_11552.pdf
"民國91年度 > 民國91年度高雄市地方總決算暨附屬單位決算及綜計表審核報告 > 民國91年度高雄市地方總決算暨附屬單位決算及綜計表審核報告.pdf",6e63971153157a53de148d1cc6071686.pdf,http://www.audit.gov.tw/ezfiles/0/1000/attach/36/pta_744_7304487_11493.pdf
"民國90年度 > 民國90年度中央政府總決算審核報告(第一冊) > 民國90年度(第一冊).pdf",9735b30547e9c8a7691807a877384e15.pdf,http://www.audit.gov.tw/ezfiles/0/1000/attach/6/pta_816_1487775_16774.pdf
"民國90年度 > 民國90年度中央政府總決算附屬單位決算及綜計表審核報告(非營業部分) > 民國90年度(非營業部分).pdf",5325c2abaa775b95efeacb45effbc1f9.pdf,http://www.audit.gov.tw/ezfiles/0/1000/attach/7/pta_817_74059_17324.pdf
"民國90年度 > 民國90年度中央政府總決算附屬單位決算及綜計表審核報告(營業部分) > 民國90年度(營業部分).pdf",949a2fe11cf338b45b0ede6ad872a444.pdf,http://www.audit.gov.tw/ezfiles/0/1000/attach/8/pta_818_70114_18430.pdf
"民國90年度 > 民國90年度台北市地方總決算審核報告 > 民國90年度台北市.pdf",92b1b4fc1814dc28f792da91a1e63f5e.pdf,http://www.audit.gov.tw/ezfiles/0/1000/attach/9/pta_819_5364932_18469.pdf
"民國90年度 > 民國90年度台北市地方總決算附屬單位決算及綜計表審核報告 > 民國90年度台北市(附屬單位決算及綜計表).pdf",823c73df2ad5e25b3c496d2615f47085.pdf,http://www.audit.gov.tw/ezfiles/0/1000/attach/10/pta_820_1592612_18500.pdf
"民國90年度 > 民國90年度高雄市地方總決算審核報告 > 民國90年度高雄市.pdf",9f5153604c7dcf9fced994665aad40c5.pdf,http://www.audit.gov.tw/ezfiles/0/1000/attach/11/pta_821_900237_18529.pdf
"民國90年度 > 民國90年度高雄市地方總決算附屬單位決算及綜計表審核報告 > 民國90年度高雄市(附屬單位決算及綜計表).pdf",089f1d044f48f373d8abf58056c082d2.pdf,http://www.audit.gov.tw/ezfiles/0/1000/attach/12/pta_822_7092091_18551.pdf
"民國89年度 > 民國89年度中央政府總決算審核報告(第一冊) > 民國89年度(第一冊) .pdf",571678579da4f029b112c5bc12545907.pdf,http://www.audit.gov.tw/ezfiles/0/1000/attach/63/pta_773_9373190_18692.pdf
"民國89年度 > 民國89年度中央政府總決算附屬單位決算及綜計表審核報告(非營業部分) > 民國89年度(非營業部分) .pdf",33bcb02276305ad093715249c74de1cb.pdf,http://www.audit.gov.tw/ezfiles/0/1000/attach/64/pta_774_9253263_18709.pdf
"民國89年度 > 民國89年度中央政府總決算附屬單位決算及綜計表審核報告(營業部分) > 1010809-02.pdf",6e57ecd7bbee7469abd830ef96f83ae3.pdf,http://www.audit.gov.tw/ezfiles/0/1000/attach/4/pta_310_9926396_74032.pdf
"民國89年度 > 中央政府九二一震災災後重建第二期特別決算審核報告 > 中央政府九二一震災災後重建第二期特別決算審核報告.pdf",4af38222f24fe68ffeb49e16da31dd6b.pdf,http://www.audit.gov.tw/ezfiles/0/1000/attach/66/pta_776_7012589_18742.pdf
"民國89年度 > 中央政府九二一震災災後重建特別決算審核報告 > 中央政府九二一震災災後重建特別決算審核報告.pdf",dd83d5a62e72d16025da805b78be8583.pdf,http://www.audit.gov.tw/ezfiles/0/1000/attach/67/pta_777_8576107_18764.pdf
"民國89年度 > 民國89年度台北市地方總決算審核報告 > 民國88年下半年及89年度台北市.pdf",dd5da441e17012fe73b50ae03b7a6cd4.pdf,http://www.audit.gov.tw/ezfiles/0/1000/attach/75/pta_785_4560694_19361.pdf
"民國89年度 > 民國89年度台北市地方總決算附屬單位決算及綜計表審核報告 > 民國88年下半年及89年度台北市(附屬單位決算及綜計表).pdf",e27da2dd26861171b0cb60dabb27c298.pdf,http://www.audit.gov.tw/ezfiles/0/1000/attach/76/pta_786_9753355_19386.pdf
"民國89年度 > 民國89年度高雄市地方總決算審核報告 > 民國89年度高雄市.pdf",1b5a1e1e5a5484316a41833fbe0662cf.pdf,http://www.audit.gov.tw/ezfiles/0/1000/attach/68/pta_778_3416920_18783.pdf
"民國89年度 > 民國89年度高雄市地方總決算附屬單位決算及綜計表審核報告 > 民國89年度高雄市(附屬單位決算及綜計表).pdf",0f20792ee90ec16dd7c92481466732b8.pdf,http://www.audit.gov.tw/ezfiles/0/1000/attach/69/pta_779_8504484_18800.pdf
"民國88年度 > 民國88年度中央政府總決算審核報告(第一冊) > 民國88年度(第一冊).pdf",60f496b31c603cb6b783480eba958c2d.pdf,http://www.audit.gov.tw/ezfiles/0/1000/attach/70/pta_780_3838817_19219.pdf
"民國88年度 > 民國88年度中央政府總決算附屬單位決算及綜計表審核報告(非營業部分) > 民國88年度(非營業部分) .pdf",fd6764d198dc8392de47b19342f95ac0.pdf,http://www.audit.gov.tw/ezfiles/0/1000/attach/71/pta_781_2610359_19236.pdf
"民國88年度 > 民國88年度中央政府總決算附屬單位決算及綜計表審核報告(營業部分) > 民國88年度(營業部分).pdf",8512f67565f311633ad78548eb379081.pdf,http://www.audit.gov.tw/ezfiles/0/1000/attach/72/pta_782_5746466_19257.pdf
"民國88年度 > 民國88年度台北市地方總決算審核報告 > 民國88年度台北市.pdf",cbed62fa0e0d407a724ea50d9fdea678.pdf,http://www.audit.gov.tw/ezfiles/0/1000/attach/73/pta_783_3455896_19300.pdf
"民國88年度 > 民國88年度台北市地方總決算附屬單位決算及綜計表審核報告 > 民國88年度台北市(附屬單位決算及綜計表).pdf",47cc434cefc40644c01e5280e6cb6ca9.pdf,http://www.audit.gov.tw/ezfiles/0/1000/attach/74/pta_784_5853428_19330.pdf
"民國88年度 > 民國88年度高雄市地方總決算審核報告 > 民國88年度高雄市.pdf",e2d36f472195c2a8cdb3bab51e6196d0.pdf,http://www.audit.gov.tw/ezfiles/0/1000/attach/77/pta_787_1803441_19406.pdf
"民國88年度 > 民國88年度高雄市地方總決算附屬單位決算及綜計表審核報告 > 民國88年度高雄市(附屬單位決算及綜計表).pdf",8fd202a3fa0447d8a157bb883f28438f.pdf,http://www.audit.gov.tw/ezfiles/0/1000/attach/78/pta_788_6837875_19418.pdf
